Energy,Thoughts,Activity,Mood
High,Positive,Socialize,Excited
Medium,Negative,Relax,Sad
Low,Neutral,Work,Neutral
High,Positive,Socialize,Happy
Low,Negative,Relax,Sad
Medium,Neutral,Work,Relaxed
High,Positive,Socialize,Excited
Low,Negative,Relax,Sad
Medium,Neutral,Work,Neutral
High,Positive,Socialize,Happy
High,Positive,Socialize,Excited
Medium,Negative,Relax,Sad
Low,Neutral,Work,Neutral
High,Positive,Socialize,Happy
Low,Negative,Relax,Sad
Medium,Neutral,Work,Relaxed
High,Positive,Socialize,Excited
Low,Negative,Relax,Sad
Medium,Neutral,Work,Neutral
High,Positive,Socialize,Happy
High,Positive,Socialize,Excited
Medium,Negative,Relax,Sad
Low,Neutral,Work,Neutral
High,Positive,Socialize,Happy
Low,Negative,Relax,Sad
Medium,Neutral,Work,Relaxed
High,Positive,Socialize,Excited
Low,Negative,Relax,Sad
Medium,Neutral,Work,Neutral
High,Positive,Socialize,Happy
High,Positive,Socialize,Excited
Medium,Negative,Relax,Sad
Low,Neutral,Work,Neutral
High,Positive,Socialize,Happy
Low,Negative,Relax,Sad
Medium,Neutral,Work,Relaxed
High,Positive,Socialize,Excited
Low,Negative,Relax,Sad
Medium,Neutral,Work,Neutral
High,Positive,Socialize,Happy
High,Positive,Socialize,Excited
Medium,Negative,Relax,Sad
Low,Neutral,Work,Neutral
High,Positive,Socialize,Happy
Low,Negative,Relax,Sad
Medium,Neutral,Work,Relaxed
High,Positive,Socialize,Excited
Low,Negative,Relax,Sad
Medium,Neutral,Work,Neutral
High,Positive,Socialize,Happy
High,Positive,Socialize,Excited
Medium,Negative,Relax,Sad
Low,Neutral,Work,Neutral
High,Positive,Socialize,Happy
Low,Negative,Relax,Sad
Medium,Neutral,Work,Relaxed
High,Positive,Socialize,Excited
Low,Negative,Relax,Sad
Medium,Neutral,Work,Neutral
High,Positive,Socialize,Happy
High,Positive,Socialize,Excited
Medium,Negative,Relax,Sad
Low,Neutral,Work,Neutral
High,Positive,Socialize,Happy
Low,Negative,Relax,Sad
Medium,Neutral,Work,Relaxed
High,Positive,Socialize,Excited
Low,Negative,Relax,Sad
Medium,Neutral,Work,Neutral
High,Positive,Socialize,Happy
High,Positive,Socialize,Excited
Medium,Negative,Relax,Sad
Low,Neutral,Work,Neutral
High,Positive,Socialize,Happy
Low,Negative,Relax,Sad
Medium,Neutral,Work,Relaxed
High,Positive,Socialize,Excited
Low,Negative,Relax,Sad
Medium,Neutral,Work,Neutral
High,Positive,Socialize,Happy
High,Positive,Socialize,Excited
Medium,Negative,Relax,Sad
Low,Neutral,Work,Neutral
High,Positive,Socialize,Happy
Low,Negative,Relax,Sad
Medium,Neutral,Work,Relaxed
High,Positive,Socialize,Excited
Low,Negative,Relax,Sad
Medium,Neutral,Work,Neutral
High,Positive,Socialize,Happy
High,Positive,Socialize,Excited
Medium,Negative,Relax,Sad
Low,Neutral,Work,Neutral
High,Positive,Socialize,Happy
Low,Negative,Relax,Sad
Medium,Neutral,Work,Relaxed
High,Positive,Socialize,Excited
Low,Negative,Relax,Sad
Medium,Neutral,Work,Neutral
High,Positive,Socialize,Happy
Medium,Stressed,Work,Irritable
